<?xml version="1.0" encoding="UTF-8" ?>
<!DOCTYPE mapper
PUBLIC "-//mybatis.org//DTD Mapper 3.0//EN"
"http://mybatis.org/dtd/mybatis-3-mapper.dtd">
<mapper namespace="com.jiujia.system.mapper.SysDeptMapper">

	<resultMap type="SysDept" id="SysDeptResult">
		<id     property="companyId"     column="company_id"     />
		<result property="parentId"   column="parent_id"   />
		<result property="ancestors"  column="ancestors"   />
		<result property="companyName"   column="company_name"   />
		<result property="orderNum"   column="order_num"   />
		<result property="leader"     column="leader"      />
		<result property="phone"      column="phone"       />
		<result property="email"      column="email"       />
		<result property="status"     column="status"      />
		<result property="delFlag"    column="del_flag"    />
		<result property="parentName" column="parent_name" />
		<result property="createBy"   column="create_by"   />
		<result property="createTime" column="create_time" />
		<result property="updateBy"   column="update_by"   />
		<result property="updateTime" column="update_time" />
	</resultMap>
	
	<sql id="selectDeptVo">
        select d.company_id, d.parent_id, d.ancestors, d.company_name, d.order_num, d.leader, d.phone, d.email, d.status, d.del_flag, d.create_by, d.create_time
        from sys_dept d
    </sql>
    
	<select id="selectRoleDeptTree" parameterType="Long" resultType="String">
		select concat(d.company_id, d.company_name) as company_name
		from sys_dept d
			left join sys_role_dept rd on d.company_id = rd.company_id
		where d.del_flag = '0' and rd.role_id = #{roleId}

		order by d.parent_id, d.order_num
	</select>
	
	<select id="selectDeptList" parameterType="SysDept" resultMap="SysDeptResult">
        <include refid="selectDeptVo"/>
        where d.del_flag = '0'
		<if test="companyId != null and companyId != 0">
			AND company_id = #{companyId}
		</if>

		<if test="companyName != null and companyName != ''">
			AND company_name like concat('%', #{companyName}, '%')
		</if>
		<if test="status != null and status != ''">
			AND status = #{status}
		</if>
		<!-- 数据范围过滤 -->
		${params.dataScope}
		order by d.parent_id, d.order_num
    </select>
	
	<select id="checkDeptExistUser" parameterType="Long" resultType="int">
		select count(1) from sys_user where company_id = #{companyId} and del_flag = '0'
	</select>
	
	<select id="selectDeptCount" parameterType="SysDept" resultType="int">
		select count(1) from sys_dept
		where del_flag = '0'
		<if test="companyId != null and companyId != 0"> and company_id = #{companyId} </if>
		<if test="parentId != null and parentId != 0"> and parent_id = #{parentId} </if>
	</select>
	
	<select id="checkCompanyNameUnique" resultMap="SysDeptResult">
	    <include refid="selectDeptVo"/>
		where company_name=#{companyName} and parent_id = #{parentId} limit 1
	</select>

	<select id="selectDeptById" parameterType="Long" resultMap="SysDeptResult">
		select d.company_id, d.parent_id, d.ancestors, d.company_name, d.order_num, d.leader, d.phone, d.email, d.status,
			(select company_name from sys_dept where company_id = d.parent_id) parent_name
		from sys_dept d
		where d.company_id = #{companyId}
	</select>

	<select id="selectChildrenDeptById" parameterType="Long" resultMap="SysDeptResult">
		select * from sys_dept where find_in_set(#{companyId}, ancestors)
	</select>
	
	<select id="selectNormalChildrenDeptById" parameterType="Long" resultType="int">
		select count(*) from sys_dept where status = 0 and del_flag = '0' and find_in_set(#{companyId}, ancestors)
	</select>
	
	<insert id="insertDept" parameterType="SysDept">
 		insert into sys_dept(
 			<if test="companyId != null and companyId != 0">company_id,</if>
 			<if test="parentId != null and parentId != 0">parent_id,</if>
 			<if test="companyName != null and companyName != ''">company_name,</if>
 			<if test="ancestors != null and ancestors != ''">ancestors,</if>
 			<if test="orderNum != null and orderNum != ''">order_num,</if>
 			<if test="leader != null and leader != ''">leader,</if>
 			<if test="phone != null and phone != ''">phone,</if>
 			<if test="email != null and email != ''">email,</if>
 			<if test="status != null">status,</if>
 			<if test="createBy != null and createBy != ''">create_by,</if>
 			create_time
 		)values(
 			<if test="companyId != null and companyId != 0">#{companyId},</if>
 			<if test="parentId != null and parentId != 0">#{parentId},</if>
 			<if test="companyName != null and companyName != ''">#{companyName},</if>
 			<if test="ancestors != null and ancestors != ''">#{ancestors},</if>
 			<if test="orderNum != null and orderNum != ''">#{orderNum},</if>
 			<if test="leader != null and leader != ''">#{leader},</if>
 			<if test="phone != null and phone != ''">#{phone},</if>
 			<if test="email != null and email != ''">#{email},</if>
 			<if test="status != null">#{status},</if>
 			<if test="createBy != null and createBy != ''">#{createBy},</if>
 			sysdate()
 		)
	</insert>
	
	<update id="updateDept" parameterType="SysDept">
 		update sys_dept
 		<set>
 			<if test="parentId != null and parentId != 0">parent_id = #{parentId},</if>
 			<if test="companyName != null and companyName != ''">company_name = #{companyName},</if>
 			<if test="ancestors != null and ancestors != ''">ancestors = #{ancestors},</if>
 			<if test="orderNum != null and orderNum != ''">order_num = #{orderNum},</if>
 			<if test="leader != null">leader = #{leader},</if>
 			<if test="phone != null">phone = #{phone},</if>
 			<if test="email != null">email = #{email},</if>
 			<if test="status != null and status != ''">status = #{status},</if>
 			<if test="updateBy != null and updateBy != ''">update_by = #{updateBy},</if>
 			update_time = sysdate()
 		</set>
 		where company_id = #{companyId}
	</update>
	
	<update id="updateDeptChildren" parameterType="java.util.List">
	    update sys_dept set ancestors =
	    <foreach collection="depts" item="item" index="index"
	        separator=" " open="case company_id" close="end">
	        when #{item.companyId} then #{item.ancestors}
	    </foreach>
	    where company_id in
	    <foreach collection="depts" item="item" index="index"
	        separator="," open="(" close=")">
	        #{item.companyId}
	    </foreach>
	 </update>

	<delete id="deleteDeptById" parameterType="Long">
		update sys_dept set del_flag = '2' where company_id = #{companyId}
	</delete>
	
	<update id="updateDeptStatusNormal" parameterType="Long">
 	    update sys_dept set status = '0' where company_id in
 	    <foreach collection="array" item="companyId" open="(" separator="," close=")">
        	#{companyId}
        </foreach>
	</update>

</mapper> 