<?xml version="1.0" encoding="UTF-8" ?>
<!DOCTYPE mapper
PUBLIC "-//mybatis.org//DTD Mapper 3.0//EN"
"http://mybatis.org/dtd/mybatis-3-mapper.dtd">
<mapper namespace="com.jiujia.khd.mapper.TApplicationMapper">
    
    <resultMap type="TApplication" id="TApplicationResult">
        <result property="id"    column="id"    />
        <result property="appName"    column="app_name"    />
        <result property="password"    column="password"    />
        <result property="status"    column="status"    />
        <result property="productId"    column="product_id"    />
        <result property="addTime"    column="add_time"    />
        <result property="sentCount"    column="sent_count"    />
        <result property="limitCount"    column="limit_count"    />
        <result property="payCount"    column="pay_count"    />
        <result property="rptSyncModel"    column="rpt_sync_model"    />
        <result property="rptSyncAddress"    column="rpt_sync_address"    />
        <result property="moSyncModel"    column="mo_sync_model"    />
        <result property="moSyncAddress"    column="mo_sync_address"    />
        <result property="fromFlag"    column="from_flag"    />
        <result property="sourceMent"    column="source_ment"    />
        <result property="appExt"    column="app_ext"    />
        <result property="defaultSign"    column="default_sign"    />
        <result property="appType"    column="app_type"    />
        <result property="authIp"    column="auth_ip"    />
        <result property="companyId"    column="company_id"    />
        <result property="payment"    column="payment"    />
        <result property="pushReportFormat"    column="push_report_format"    />
        <result property="blackLevels"    column="black_levels"    />
    </resultMap>

    <sql id="selectTApplicationVo">
        select id, app_name, password, status, product_id, add_time, sent_count, limit_count, pay_count, rpt_sync_model, rpt_sync_address, mo_sync_model, mo_sync_address, from_flag, source_ment, app_ext, default_sign, app_type, auth_ip, company_id, payment, push_report_format, black_levels from t_application
    </sql>

    <select id="selectTApplicationList" parameterType="TApplication" resultMap="TApplicationResult">
        <include refid="selectTApplicationVo"/>
        <where>  
            <if test="appName != null  and appName != ''"> and app_name like concat('%', #{appName}, '%')</if>
            <if test="password != null  and password != ''"> and password = #{password}</if>
            <if test="status != null  and status != ''"> and status = #{status}</if>
            <if test="productId != null "> and product_id = #{productId}</if>
            <if test="addTime != null "> and add_time = #{addTime}</if>
            <if test="sentCount != null "> and sent_count = #{sentCount}</if>
            <if test="limitCount != null "> and limit_count = #{limitCount}</if>
            <if test="payCount != null "> and pay_count = #{payCount}</if>
            <if test="rptSyncModel != null  and rptSyncModel != ''"> and rpt_sync_model = #{rptSyncModel}</if>
            <if test="rptSyncAddress != null  and rptSyncAddress != ''"> and rpt_sync_address = #{rptSyncAddress}</if>
            <if test="moSyncModel != null  and moSyncModel != ''"> and mo_sync_model = #{moSyncModel}</if>
            <if test="moSyncAddress != null  and moSyncAddress != ''"> and mo_sync_address = #{moSyncAddress}</if>
            <if test="fromFlag != null  and fromFlag != ''"> and from_flag = #{fromFlag}</if>
            <if test="sourceMent != null  and sourceMent != ''"> and source_ment = #{sourceMent}</if>
            <if test="appExt != null  and appExt != ''"> and app_ext = #{appExt}</if>
            <if test="defaultSign != null  and defaultSign != ''"> and default_sign = #{defaultSign}</if>
            <if test="appType != null  and appType != ''"> and app_type = #{appType}</if>
            <if test="authIp != null  and authIp != ''"> and auth_ip = #{authIp}</if>
            <if test="companyId !=null and companyId !='' and companyId !=100"> and company_id = #{companyId}</if>
            <if test="payment != null  and payment != ''"> and payment = #{payment}</if>
            <if test="pushReportFormat != null  and pushReportFormat != ''"> and push_report_format = #{pushReportFormat}</if>
            <if test="blackLevels != null  and blackLevels != ''"> and black_levels = #{blackLevels}</if>
        </where>
    </select>
    <select id="selectTApplicationListN" parameterType="Long" resultMap="TApplicationResult">
        <include refid="selectTApplicationVo"/>
        <where>
            status='normal'
            <if test="companyId != null and companyId !='' and companyId !=100">
                AND company_id=#{companyId}
            </if>
        </where>
    </select>
    
    <select id="selectTApplicationById" parameterType="Long" resultMap="TApplicationResult">
        <include refid="selectTApplicationVo"/>
        where id = #{id}
    </select>
        
    <insert id="insertTApplication" parameterType="TApplication" useGeneratedKeys="true" keyProperty="id">
        insert into t_application
        <trim prefix="(" suffix=")" suffixOverrides=",">
            <if test="appName != null and appName != ''">app_name,</if>
            <if test="password != null and password != ''">password,</if>
            <if test="status != null and status != ''">status,</if>
            <if test="productId != null">product_id,</if>
            <if test="addTime != null">add_time,</if>
            <if test="sentCount != null">sent_count,</if>
            <if test="limitCount != null">limit_count,</if>
            <if test="payCount != null">pay_count,</if>
            <if test="rptSyncModel != null and rptSyncModel != ''">rpt_sync_model,</if>
            <if test="rptSyncAddress != null and rptSyncAddress != ''">rpt_sync_address,</if>
            <if test="moSyncModel != null and moSyncModel != ''">mo_sync_model,</if>
            <if test="moSyncAddress != null and moSyncAddress != ''">mo_sync_address,</if>
            <if test="fromFlag != null and fromFlag != ''">from_flag,</if>
            <if test="sourceMent != null and sourceMent != ''">source_ment,</if>
            <if test="appExt != null and appExt != ''">app_ext,</if>
            <if test="defaultSign != null and defaultSign != ''">default_sign,</if>
            <if test="appType != null and appType != ''">app_type,</if>
            <if test="authIp != null">auth_ip,</if>
            <if test="companyId != null">company_id,</if>
            <if test="payment != null and payment != ''">payment,</if>
            <if test="pushReportFormat != null">push_report_format,</if>
            <if test="blackLevels != null">black_levels,</if>
         </trim>
        <trim prefix="values (" suffix=")" suffixOverrides=",">
            <if test="appName != null and appName != ''">#{appName},</if>
            <if test="password != null and password != ''">#{password},</if>
            <if test="status != null and status != ''">#{status},</if>
            <if test="productId != null">#{productId},</if>
            <if test="addTime != null">#{addTime},</if>
            <if test="sentCount != null">#{sentCount},</if>
            <if test="limitCount != null">#{limitCount},</if>
            <if test="payCount != null">#{payCount},</if>
            <if test="rptSyncModel != null and rptSyncModel != ''">#{rptSyncModel},</if>
            <if test="rptSyncAddress != null and rptSyncAddress != ''">#{rptSyncAddress},</if>
            <if test="moSyncModel != null and moSyncModel != ''">#{moSyncModel},</if>
            <if test="moSyncAddress != null and moSyncAddress != ''">#{moSyncAddress},</if>
            <if test="fromFlag != null and fromFlag != ''">#{fromFlag},</if>
            <if test="sourceMent != null and sourceMent != ''">#{sourceMent},</if>
            <if test="appExt != null and appExt != ''">#{appExt},</if>
            <if test="defaultSign != null and defaultSign != ''">#{defaultSign},</if>
            <if test="appType != null and appType != ''">#{appType},</if>
            <if test="authIp != null">#{authIp},</if>
            <if test="companyId != null">#{companyId},</if>
            <if test="payment != null and payment != ''">#{payment},</if>
            <if test="pushReportFormat != null">#{pushReportFormat},</if>
            <if test="blackLevels != null">#{blackLevels},</if>
         </trim>
    </insert>

    <update id="updateTApplication" parameterType="TApplication">
        update t_application
        <trim prefix="SET" suffixOverrides=",">
            <if test="appName != null and appName != ''">app_name = #{appName},</if>
            <if test="password != null and password != ''">password = #{password},</if>
            <if test="status != null and status != ''">status = #{status},</if>
            <if test="productId != null">product_id = #{productId},</if>
            <if test="addTime != null">add_time = #{addTime},</if>
            <if test="sentCount != null">sent_count = #{sentCount},</if>
            <if test="limitCount != null">limit_count = #{limitCount},</if>
            <if test="payCount != null">pay_count = #{payCount},</if>
            <if test="rptSyncModel != null and rptSyncModel != ''">rpt_sync_model = #{rptSyncModel},</if>
            <if test="rptSyncAddress != null and rptSyncAddress != ''">rpt_sync_address = #{rptSyncAddress},</if>
            <if test="moSyncModel != null and moSyncModel != ''">mo_sync_model = #{moSyncModel},</if>
            <if test="moSyncAddress != null and moSyncAddress != ''">mo_sync_address = #{moSyncAddress},</if>
            <if test="fromFlag != null and fromFlag != ''">from_flag = #{fromFlag},</if>
            <if test="sourceMent != null and sourceMent != ''">source_ment = #{sourceMent},</if>
            <if test="appExt != null and appExt != ''">app_ext = #{appExt},</if>
            <if test="defaultSign != null and defaultSign != ''">default_sign = #{defaultSign},</if>
            <if test="appType != null and appType != ''">app_type = #{appType},</if>
            <if test="authIp != null">auth_ip = #{authIp},</if>
            <if test="companyId != null">company_id = #{companyId},</if>
            <if test="payment != null and payment != ''">payment = #{payment},</if>
            <if test="pushReportFormat != null">push_report_format = #{pushReportFormat},</if>
            <if test="blackLevels != null">black_levels = #{blackLevels},</if>
        </trim>
        where id = #{id}
    </update>

    <delete id="deleteTApplicationById" parameterType="Long">
        delete from t_application where id = #{id}
    </delete>

    <delete id="deleteTApplicationByIds" parameterType="String">
        delete from t_application where id in 
        <foreach item="id" collection="array" open="(" separator="," close=")">
            #{id}
        </foreach>
    </delete>

</mapper>