<?xml version="1.0" encoding="UTF-8" ?>
<!DOCTYPE mapper
PUBLIC "-//mybatis.org//DTD Mapper 3.0//EN"
"http://mybatis.org/dtd/mybatis-3-mapper.dtd">
<mapper namespace="com.jiujia.khd.mapper.TModelMapper">
    
    <resultMap type="TModel" id="TModelResult">
        <result property="id"    column="id"    />
        <result property="modelId"    column="model_id"    />
        <result property="title"    column="title"    />
        <result property="status"    column="status"    />
        <result property="addTime"    column="add_time"    />
        <result property="appId"    column="app_id"    />
        <result property="productId"    column="product_id"    />
        <result property="variate"    column="variate"    />
        <association property="application"     column="id" javaType="TApplication" resultMap="applicationResult" />
        <association property="signReport"     column="id" javaType="TSignReport" resultMap="signReportResult" />
        <association property="mmsModel"     column="id" javaType="MmsModel" resultMap="mmsModelResult" />
    </resultMap>

    <resultMap id="applicationResult" type="TApplication">
        <id     property="id"   column="id"     />
        <result property="appName" column="app_name"  />
    </resultMap>
    <resultMap id="signReportResult" type="TSignReport">
        <id     property="productId"   column="product_id"     />
        <result property="reportSign" column="report_sign"  />
    </resultMap>
    <resultMap id="mmsModelResult" type="MmsModel">
        <id     property="modelId"   column="model_id"     />
        <result property="status" column="status"  />
    </resultMap>

    <sql id="selectTModelVo">
        select m.id, m.model_id, m.title, m.status, m.add_time, a.app_name, s.report_sign, m.variate,m.app_id,m.product_id
        from t_model m
          left join t_application a on m.app_id = a.id
		  left join t_sign_report s on m.product_id = s.product_id
		  left join t_model_related mr on m.model_id = mr.model_id
    </sql>

    <select id="selectTModelList" parameterType="TModel" resultMap="TModelResult">
        <include refid="selectTModelVo"/>
        <where>  
            <if test="modelId != null  and modelId != ''"> and m.model_id = #{modelId}</if>
            <if test="title != null  and title != ''"> and m.title like concat('%', #{title}, '%')</if>
            <if test="status != null  and status != ''"> and m.status = #{status}</if>
            <if test="addTime != null "> and m.add_time = #{addTime}</if>
            <if test="variate != null  and variate != ''"> and m.variate = #{variate}</if>
            <if test="variate != null  and variate != ''"> and m.variate = #{variate}</if>
            <if test="companyId != null and companyId != 0 and companyId != 100">
            and m.app_id in (select id from t_application where company_id=#{companyId})
            </if>
        </where>
        ORDER BY  m.id DESC
    </select>
    <select id="selectTModelListN" parameterType="TModel" resultMap="TModelResult">
        <include refid="selectTModelVo"/>
    </select>
    
    <select id="selectTModelById" parameterType="Long" resultMap="TModelResult">
        <include refid="selectTModelVo"/>
        where m.id = #{id}
    </select>
        
    <insert id="insertTModel" parameterType="TModel" useGeneratedKeys="true" keyProperty="id">
        insert into t_model
        <trim prefix="(" suffix=")" suffixOverrides=",">
            <if test="modelId != null">model_id,</if>
            <if test="title != null and title != ''">title,</if>
            <if test="status != null and status != ''">status,</if>
            <if test="addTime != null">add_time,</if>
            <if test="appId != null">app_id,</if>
            <if test="productId != null">product_id,</if>
            <if test="variate != null">variate,</if>
         </trim>
        <trim prefix="values (" suffix=")" suffixOverrides=",">
            <if test="modelId != null">#{modelId},</if>
            <if test="title != null and title != ''">#{title},</if>
            <if test="status != null and status != ''">#{status},</if>
            <if test="addTime != null">#{addTime},</if>
            <if test="appId != null">#{appId},</if>
            <if test="productId != null">#{productId},</if>
            <if test="variate != null">#{variate},</if>
         </trim>
    </insert>

    <update id="updateTModel" parameterType="TModel">
        update t_model
        <trim prefix="SET" suffixOverrides=",">
            <if test="modelId != null">model_id = #{modelId},</if>
            <if test="title != null and title != ''">title = #{title},</if>
            <if test="status != null and status != ''">status = #{status},</if>
            <if test="addTime != null">add_time = #{addTime},</if>
            <if test="appId != null">app_id = #{appId},</if>
            <if test="productId != null">product_id = #{productId},</if>
            <if test="variate != null">variate = #{variate},</if>
        </trim>
        where id = #{id}
    </update>

    <delete id="deleteTModelById" parameterType="Long">
        delete from t_model where id = #{id}
    </delete>

    <delete id="deleteTModelByIds" parameterType="String">
        delete from t_model where id in 
        <foreach item="id" collection="array" open="(" separator="," close=")">
            #{id}
        </foreach>
    </delete>

    <select id="statisticsModel"  resultType="Integer">
		select COUNT(id)
		from t_model_related
	</select>

    <select id="selectModelByAppId" parameterType="Long" resultMap="TModelResult">
        select * from t_model
        where app_id = #{appId} and `status` = 'success'
    </select>

</mapper>